index,N,Actividades,Min,Probable,Max,Ruta_Critica,Media_(mu),sigma,sigma^2,alpha,beta
0,1,Actividad 1,36,40,50.0,1,41.0,2.3333333333333335,5.4444444444444455,2.594752186588921,4.670553935860058
2,3,Actividad 3,72,80,100.0,1,82.0,4.666666666666667,21.777777777777782,2.594752186588921,4.670553935860058
4,5,Actividad 5,90,100,125.0,1,102.5,5.833333333333333,34.02777777777777,2.594752186588922,4.67055393586006
7,8,Actividad n,18,20,25.0,1,20.5,1.1666666666666667,1.3611111111111114,2.594752186588921,4.670553935860058
